"Gene_ID","Kmeans_Cluster"
"g_00005","5"
"g_00016","6"
"g_00028","5"
"g_00048","12"
"g_00071","11"
"g_00083","8"
"g_00096","15"
"g_00098","1"
"g_00120","15"
"g_00121","6"
"g_00123","12"
"g_00126","8"
"g_00128","6"
"g_00133","15"
"g_00141","22"
"g_00146","6"
"g_00152","15"
"g_00155","15"
"g_00160","15"
"g_00166","22"
"g_00179","16"
"g_00184","12"
"g_00198","22"
"g_00200","5"
"g_00201","12"
"g_00216","16"
"g_00219","8"
"g_00241","4"
"g_00243","18"
"g_00253","15"
"g_00254","8"
"g_00260","15"
"g_00287","5"
"g_00305","6"
"g_00366","1"
"g_00372","15"
"g_00382","12"
"g_00383","6"
"g_00386","12"
"g_00387","1"
"g_00392","8"
"g_00400","4"
"g_00406","1"
"g_00425","15"
"g_00434","11"
"g_00435","12"
"g_00441","6"
"g_00443","14"
"g_00459","18"
"g_00460","6"
"g_00470","8"
"g_00472","1"
"g_00477","15"
"g_00486","22"
"g_00490","2"
"g_00511","16"
"g_00523","5"
"g_00535","13"
"g_00543","5"
"g_00547","8"
"g_00551","5"
"g_00574","2"
"g_00583","1"
"g_00598","6"
"g_00603","18"
"g_00610","12"
"g_00611","22"
"g_00630","22"
"g_00632","8"
"g_00640","8"
"g_00648","11"
"g_00653","6"
"g_00676","8"
"g_00679","8"
"g_00685","8"
"g_00693","8"
"g_00701","8"
"g_00778","6"
"g_00789","7"
"g_00810","15"
"g_00812","8"
"g_00813","8"
"g_00822","6"
"g_00834","8"
"g_00864","6"
"g_00892","22"
"g_00899","8"
"g_00907","11"
"g_00943","22"
"g_00970","18"
"g_00980","6"
"g_00982","1"
"g_00992","8"
"g_01014","24"
"g_01028","15"
"g_01041","1"
"g_01042","13"
"g_01043","5"
"g_01051","5"
"g_01052","9"
"g_01066","24"
"g_01078","6"
"g_01087","11"
"g_01105","6"
"g_01106","12"
"g_01112","16"
"g_01117","11"
"g_01131","5"
"g_01132","1"
"g_01136","15"
"g_01144","5"
"g_01145","8"
"g_01148","1"
"g_01152","8"
"g_01174","8"
"g_01182","1"
"g_01205","16"
"g_01208","22"
"g_01259","6"
"g_01271","6"
"g_01316","1"
"g_01323","22"
"g_01331","8"
"g_01351","8"
"g_01363","8"
"g_01367","15"
"g_01380","6"
"g_01394","13"
"g_01395","6"
"g_01404","12"
"g_01429","1"
"g_01445","19"
"g_01446","11"
"g_01455","16"
"g_01477","12"
"g_01478","8"
"g_01492","15"
"g_01498","12"
"g_01510","6"
"g_01523","8"
"g_01530","12"
"g_01531","5"
"g_01547","8"
"g_01555","1"
"g_01562","21"
"g_01572","11"
"g_01581","15"
"g_01634","1"
"g_01668","21"
"g_01671","9"
"g_01676","6"
"g_01693","22"
"g_01713","15"
"g_01719","1"
"g_01773","16"
"g_01813","15"
"g_01832","12"
"g_01837","11"
"g_01838","5"
"g_01859","16"
"g_01860","15"
"g_01863","12"
"g_01883","15"
"g_01889","4"
"g_01899","5"
"g_01903","12"
"g_01932","8"
"g_01964","22"
"g_02003","8"
"g_02010","4"
"g_02044","5"
"g_02050","8"
"g_02054","6"
"g_02061","8"
"g_02065","15"
"g_02071","15"
"g_02072","15"
"g_02079","22"
"g_02082","9"
"g_02084","12"
"g_02090","8"
"g_02100","22"
"g_02113","22"
"g_02144","6"
"g_02168","15"
"g_02184","6"
"g_02186","6"
"g_02229","6"
"g_02244","12"
"g_02254","15"
"g_02256","8"
"g_02287","17"
"g_02291","22"
"g_02296","7"
"g_02330","15"
"g_02332","1"
"g_02336","1"
"g_02346","8"
"g_02354","18"
"g_02376","6"
"g_02400","23"
"g_02406","8"
"g_02428","19"
"g_02445","8"
"g_02446","22"
"g_02460","12"
"g_02462","8"
"g_02490","5"
"g_02493","6"
"g_02531","8"
"g_02556","1"
"g_02560","12"
"g_02624","5"
"g_02640","1"
"g_02641","6"
"g_02650","12"
"g_02680","1"
"g_02720","11"
"g_02723","1"
"g_02739","6"
"g_02740","22"
"g_02741","12"
"g_02745","1"
"g_02773","12"
"g_02810","8"
"g_02811","8"
"g_02816","14"
"g_02840","6"
"g_02857","6"
"g_02862","6"
"g_02893","15"
"g_02895","12"
"g_02897","8"
"g_02933","14"
"g_02942","22"
"g_02982","12"
"g_03006","8"
"g_03026","1"
"g_03037","15"
"g_03067","11"
"g_03080","5"
"g_03085","12"
"g_03086","15"
"g_03088","5"
"g_03098","4"
"g_03101","6"
"g_03113","5"
"g_03115","15"
"g_03118","8"
"g_03129","11"
"g_03132","15"
"g_03146","12"
"g_03149","10"
"g_03168","6"
"g_03175","5"
"g_03179","8"
"g_03203","11"
"g_03207","1"
"g_03236","1"
"g_03247","8"
"g_03270","15"
"g_03273","22"
"g_03282","16"
"g_03320","12"
"g_03330","12"
"g_03424","2"
"g_03428","8"
"g_03436","6"
"g_03442","11"
"g_03459","6"
"g_03477","22"
"g_03481","8"
"g_03495","8"
"g_03501","15"
"g_03534","2"
"g_03612","11"
"g_03626","1"
"g_03631","2"
"g_03632","8"
"g_03644","15"
"g_03645","6"
"g_03659","11"
"g_03670","16"
"g_03681","12"
"g_03702","5"
"g_03705","1"
"g_03738","12"
"g_03740","5"
"g_03746","15"
"g_03763","15"
"g_03764","5"
"g_03765","5"
"g_03782","6"
"g_03783","8"
"g_03803","6"
"g_03825","15"
"g_03830","6"
"g_03865","12"
"g_03874","21"
"g_03900","14"
"g_03903","12"
"g_03908","8"
"g_03917","8"
"g_03918","11"
"g_03928","1"
"g_03931","6"
"g_03932","8"
"g_03934","1"
"g_03941","6"
"g_03966","15"
"g_03998","22"
"g_04038","8"
"g_04039","15"
"g_04070","15"
"g_04073","15"
"g_04084","8"
"g_04092","8"
"g_04111","5"
"g_04118","12"
"g_04131","5"
"g_04136","5"
"g_04149","4"
"g_04151","8"
"g_04153","8"
"g_04183","5"
"g_04211","1"
"g_04239","6"
"g_04256","5"
"g_04267","22"
"g_04270","22"
"g_04276","15"
"g_04279","1"
"g_04286","5"
"g_04289","11"
"g_04290","6"
"g_04310","8"
"g_04335","12"
"g_04337","1"
"g_04345","15"
"g_04347","6"
"g_04398","6"
"g_04402","6"
"g_04427","8"
"g_04437","4"
"g_04465","5"
"g_04507","22"
"g_04512","15"
"g_04516","13"
"g_04536","1"
"g_04545","15"
"g_04556","6"
"g_04557","15"
"g_04560","22"
"g_04575","8"
"g_04576","22"
"g_04588","8"
"g_04600","15"
"g_04601","6"
"g_04613","1"
"g_04614","8"
"g_04621","13"
"g_04685","22"
"g_04687","22"
"g_04696","16"
"g_04711","8"
"g_04716","15"
"g_04717","6"
"g_04721","6"
"g_04722","6"
"g_04731","8"
"g_04733","13"
"g_04760","15"
"g_04762","6"
"g_04765","6"
"g_04766","6"
"g_04777","15"
"g_04780","1"
"g_04822","8"
"g_04851","15"
"g_04860","13"
"g_04876","4"
"g_04879","8"
"g_04882","8"
"g_04897","13"
"g_04903","8"
"g_04924","20"
"g_04925","11"
"g_04946","8"
"g_04974","12"
"g_04987","16"
"g_05014","12"
"g_05018","1"
"g_05051","8"
"g_05056","22"
"g_05071","11"
"g_05073","15"
"g_05075","5"
"g_05086","1"
"g_05104","6"
"g_05115","15"
"g_05116","12"
"g_05117","11"
"g_05119","8"
"g_05142","11"
"g_05144","12"
"g_05172","8"
"g_05173","13"
"g_05188","8"
"g_05212","22"
"g_05220","1"
"g_05234","6"
"g_05242","12"
"g_05274","8"
"g_05276","8"
"g_05293","12"
"g_05334","8"
"g_05343","12"
"g_05359","11"
"g_05362","15"
"g_05371","8"
"g_05373","6"
"g_05393","5"
"g_05408","10"
"g_05428","16"
"g_05434","13"
"g_05436","2"
"g_05439","8"
"g_05452","2"
"g_05453","22"
"g_05455","12"
"g_05488","6"
"g_05517","6"
"g_05518","8"
"g_05521","9"
"g_05526","6"
"g_05533","21"
"g_05553","6"
"g_05557","2"
"g_05560","19"
"g_05561","6"
"g_05571","15"
"g_05608","6"
"g_05609","6"
"g_05615","6"
"g_05631","4"
"g_05650","8"
"g_05651","8"
"g_05666","16"
"g_05668","11"
"g_05669","22"
"g_05675","22"
"g_05695","8"
"g_05696","8"
"g_05704","11"
"g_05709","1"
"g_05718","4"
"g_05735","8"
"g_05736","13"
"g_05737","8"
"g_05738","6"
"g_05758","8"
"g_05777","6"
"g_05790","22"
"g_05804","15"
"g_05806","12"
"g_05811","8"
"g_05818","8"
"g_05824","8"
"g_05844","3"
"g_05859","1"
"g_05866","1"
"g_05875","1"
"g_05879","13"
"g_05880","9"
"g_05904","6"
"g_05917","11"
"g_05920","15"
"g_05943","8"
"g_05956","15"
"g_05977","11"
"g_05978","6"
"g_06003","12"
"g_06008","8"
"g_06014","12"
"g_06015","13"
"g_06016","21"
"g_06023","16"
"g_06029","1"
"g_06034","6"
"g_06054","1"
"g_06063","8"
"g_06078","12"
"g_06086","14"
"g_06093","21"
"g_06106","18"
"g_06119","1"
"g_06122","8"
"g_06135","5"
"g_06136","12"
"g_06148","8"
"g_06150","8"
"g_06179","23"
"g_06184","1"
"g_06186","9"
"g_06192","12"
"g_06194","6"
"g_06200","15"
"g_06201","15"
"g_06237","21"
"g_06240","6"
"g_06312","8"
"g_06315","1"
"g_06321","12"
"g_06328","24"
"g_06337","15"
"g_06339","1"
"g_06353","4"
"g_06374","12"
"g_06376","6"
"g_06392","15"
"g_06397","5"
"g_06398","1"
"g_06421","24"
"g_06437","18"
"g_06438","1"
"g_06467","6"
"g_06472","1"
"g_06482","8"
"g_06502","12"
"g_06523","6"
"g_06534","14"
"g_06537","6"
"g_06543","8"
"g_06554","11"
"g_06558","12"
"g_06570","12"
"g_06575","6"
"g_06583","1"
"g_06586","18"
"g_06594","8"
"g_06600","13"
"g_06617","8"
"g_06628","1"
"g_06637","1"
"g_06652","5"
"g_06655","22"
"g_06663","8"
"g_06667","18"
"g_06668","15"
"g_06670","8"
"g_06686","8"
"g_06687","19"
"g_06689","6"
"g_06696","22"
"g_06722","11"
"g_06723","8"
"g_06725","12"
"g_06726","6"
"g_06737","22"
"g_06790","1"
"g_06792","2"
"g_06804","1"
"g_06811","15"
"g_06822","1"
"g_06828","12"
"g_06842","15"
"g_06847","1"
"g_06850","5"
"g_06855","14"
"g_06856","8"
"g_06876","6"
"g_06880","15"
"g_06885","15"
"g_06886","6"
"g_06896","5"
"g_06901","17"
"g_06905","8"
"g_06911","8"
"g_06933","22"
"g_06938","5"
"g_06956","8"
"g_06960","6"
"g_06976","8"
"g_07008","12"
"g_07011","11"
"g_07022","6"
"g_07025","22"
"g_07034","12"
"g_07054","12"
"g_07086","22"
"g_07105","6"
"g_07110","15"
"g_07125","15"
"g_07127","22"
"g_07139","12"
"g_07157","17"
"g_07165","3"
"g_07177","14"
"g_07191","2"
"g_07206","9"
"g_07217","6"
"g_07221","12"
"g_07239","15"
"g_07248","16"
"g_07250","6"
"g_07309","11"
"g_07329","1"
"g_07344","8"
"g_07349","6"
"g_07359","11"
"g_07376","12"
"g_07381","6"
"g_07385","12"
"g_07405","15"
"g_07418","8"
"g_07420","1"
"g_07449","16"
"g_07452","6"
"g_07488","5"
"g_07490","12"
"g_07491","12"
"g_07504","11"
"g_07513","17"
"g_07521","22"
"g_07545","15"
"g_07566","11"
"g_07567","1"
"g_07570","13"
"g_07613","5"
"g_07643","21"
"g_07666","6"
"g_07675","22"
"g_07698","8"
"g_07719","11"
"g_07738","15"
"g_07739","12"
"g_07753","5"
"g_07775","1"
"g_07822","7"
"g_07824","6"
"g_07828","1"
"g_07829","19"
"g_07831","13"
"g_07842","16"
"g_07846","8"
"g_07877","8"
"g_07898","1"
"g_07901","12"
"g_07914","6"
"g_07916","8"
"g_07921","5"
"g_07923","5"
"g_07962","11"
"g_07977","24"
"g_07996","1"
"g_08036","22"
"g_08038","12"
"g_08040","8"
"g_08052","14"
"g_08074","8"
"g_08075","14"
"g_08079","22"
"g_08093","5"
"g_08103","12"
"g_08123","1"
"g_08166","1"
"g_08174","6"
"g_08194","8"
"g_08222","13"
"g_08236","2"
"g_08244","15"
"g_08252","1"
"g_08258","1"
"g_08265","11"
"g_08281","3"
"g_08307","16"
"g_08335","22"
"g_08361","8"
"g_08367","5"
"g_08375","11"
"g_08376","13"
"g_08392","12"
"g_08393","15"
"g_08394","10"
"g_08415","22"
"g_08418","15"
"g_08424","9"
"g_08436","14"
"g_08437","6"
"g_08440","1"
"g_08454","1"
"g_08468","22"
"g_08507","4"
"g_08508","22"
"g_08535","4"
"g_08563","6"
"g_08568","19"
"g_08572","5"
"g_08578","8"
"g_08605","20"
"g_08636","5"
"g_08641","6"
"g_08654","6"
"g_08658","15"
"g_08683","6"
"g_08700","24"
"g_08716","8"
"g_08739","15"
"g_08740","12"
"g_08743","8"
"g_08757","11"
"g_08758","16"
"g_08761","12"
"g_08789","15"
"g_08807","20"
"g_08813","16"
"g_08833","5"
"g_08836","4"
"g_08837","16"
"g_08863","14"
"g_08880","24"
"g_08892","14"
"g_08893","6"
"g_08894","11"
"g_08909","22"
"g_08928","17"
"g_08950","18"
"g_08969","19"
"g_08974","1"
"g_08991","15"
"g_08992","4"
"g_09008","9"
"g_09010","1"
"g_09021","16"
"g_09041","6"
"g_09042","6"
"g_09057","15"
"g_09080","6"
"g_09084","6"
"g_09091","1"
"g_09109","15"
"g_09123","18"
"g_09126","16"
"g_09139","5"
"g_09143","4"
"g_09160","11"
"g_09173","11"
"g_09177","22"
"g_09183","19"
"g_09198","8"
"g_09218","6"
"g_09222","6"
"g_09228","11"
"g_09230","6"
"g_09247","6"
"g_09260","12"
"g_09340","15"
"g_09348","5"
"g_09354","4"
"g_09363","6"
"g_09372","6"
"g_09378","11"
"g_09414","22"
"g_09416","15"
"g_09434","5"
"g_09443","6"
"g_09447","22"
"g_09453","12"
"g_09481","20"
"g_09501","15"
"g_09512","18"
"g_09525","16"
"g_09532","8"
"g_09545","11"
"g_09556","8"
"g_09569","8"
"g_09580","6"
"g_09581","3"
"g_09592","14"
"g_09606","8"
"g_09632","5"
"g_09673","12"
"g_09685","4"
"g_09688","12"
"g_09691","6"
"g_09707","6"
"g_09725","14"
"g_09747","21"
"g_09748","1"
"g_09751","8"
"g_09756","5"
"g_09771","14"
"g_09773","4"
"g_09778","8"
"g_09784","12"
"g_09798","17"
"g_09810","1"
"g_09812","5"
"g_09819","4"
"g_09835","15"
"g_09875","18"
"g_09880","4"
"g_09928","6"
"g_09935","8"
"g_09948","22"
"g_09955","8"
"g_09995","18"
"g_09998","8"
"g_10003","15"
"g_10028","7"
"g_10029","14"
"g_10034","16"
"g_10039","5"
"g_10049","6"
"g_10080","12"
"g_10081","6"
"g_10114","1"
"g_10126","18"
"g_10139","23"
"g_10142","12"
"g_10145","8"
"g_10158","6"
"g_10194","14"
"g_10218","18"
"g_10242","12"
"g_10266","22"
"g_10276","4"
"g_10277","15"
"g_10294","8"
"g_10303","6"
"g_10340","6"
"g_10370","6"
"g_10375","8"
"g_10379","2"
"g_10384","6"
"g_10387","2"
"g_10389","2"
"g_10398","15"
"g_10403","12"
"g_10414","22"
"g_10431","8"
"g_10433","8"
"g_10434","10"
"g_10438","22"
"g_10481","15"
"g_10491","12"
"g_10519","8"
"g_10539","3"
"g_10551","15"
"g_10561","6"
"g_10581","15"
"g_10593","1"
"g_10610","18"
"g_10626","15"
"g_10630","15"
"g_10638","22"
"g_10640","8"
"g_10655","1"
"g_10676","12"
"g_10686","19"
"g_10689","19"
"g_10690","5"
"g_10691","16"
"g_10693","6"
"g_10712","16"
"g_10714","12"
"g_10726","1"
"g_10730","8"
"g_10744","5"
"g_10746","8"
"g_10755","5"
"g_10759","11"
"g_10789","11"
"g_10805","6"
"g_10826","8"
"g_10855","15"
"g_10868","23"
"g_10881","19"
"g_10882","12"
"g_10896","12"
"g_10903","8"
"g_10915","15"
"g_10931","22"
"g_10959","9"
"g_10964","15"
"g_10966","9"
"g_10973","15"
"g_10989","21"
"g_10993","5"
"g_11001","6"
"g_11006","8"
"g_11027","15"
"g_11054","1"
"g_11055","6"
"g_11057","12"
"g_11069","15"
"g_11086","12"
"g_11106","17"
"g_11108","4"
"g_11110","12"
"g_11129","6"
"g_11132","6"
"g_11150","6"
"g_11163","8"
"g_11168","3"
"g_11186","12"
"g_11187","22"
"g_11201","13"
"g_11235","23"
"g_11255","8"
"g_11275","6"
"g_11292","16"
"g_11296","17"
"g_11299","12"
"g_11305","12"
"g_11316","6"
"g_11317","11"
"g_11321","16"
"g_11327","8"
"g_11357","1"
"g_11371","6"
"g_11372","8"
"g_11383","8"
"g_11388","19"
"g_11393","8"
"g_11409","6"
"g_11410","22"
"g_11412","8"
"g_11416","8"
"g_11432","8"
"g_11496","12"
"g_11498","6"
"g_11499","6"
"g_11500","12"
"g_11530","22"
"g_11532","5"
"g_11533","6"
"g_11541","11"
"g_11555","1"
"g_11569","8"
"g_11582","21"
"g_11607","6"
"g_11623","15"
"g_11626","8"
"g_11636","1"
"g_11658","5"
"g_11682","8"
"g_11702","6"
"g_11705","12"
"g_11709","21"
"g_11734","12"
"g_11743","15"
"g_11760","1"
"g_11771","6"
"g_11773","6"
"g_11774","22"
"g_11802","12"
"g_11810","16"
"g_11812","12"
"g_11818","5"
"g_11820","8"
"g_11842","6"
"g_11845","12"
"g_11851","8"
"g_11856","19"
"g_11865","18"
"g_11866","12"
"g_11869","22"
"g_11891","22"
"g_11900","12"
"g_11901","22"
"g_11906","12"
"g_11915","4"
"g_11926","22"
"g_11932","8"
"g_11938","1"
"g_11950","6"
"g_11985","1"
"g_12007","22"
"g_12028","6"
"g_12040","15"
"g_12069","15"
"g_12099","8"
"g_12108","16"
"g_12114","18"
"g_12120","12"
"g_12127","6"
"g_12138","1"
"g_12144","3"
"g_12229","8"
"g_12246","16"
"g_12256","22"
"g_12258","8"
"g_12267","12"
"g_12270","6"
"g_12278","5"
"g_12291","5"
"g_12299","22"
"g_12315","1"
"g_12316","15"
"g_12320","8"
"g_12324","8"
"g_12348","6"
"g_12365","16"
"g_12379","6"
"g_12382","9"
"g_12399","2"
"g_12414","12"
"g_12424","1"
"g_12427","5"
"g_12430","6"
"g_12435","16"
"g_12482","1"
"g_12502","12"
"g_12503","12"
"g_12532","6"
"g_12557","8"
"g_12583","13"
"g_12639","6"
"g_12652","15"
"g_12663","12"
"g_12672","1"
"g_12685","15"
"g_12689","1"
"g_12719","21"
"g_12727","8"
"g_12731","15"
"g_12733","5"
"g_12741","6"
"g_12743","12"
"g_12776","22"
"g_12780","6"
"g_12787","18"
"g_12791","12"
"g_12813","15"
"g_12824","6"
"g_12833","8"
"g_12847","9"
"g_12850","19"
"g_12853","6"
"g_12872","1"
"g_12878","5"
"g_12899","8"
"g_12904","10"
"g_12909","1"
"g_12917","15"
"g_12933","8"
"g_12957","22"
"g_12966","5"
"g_12971","5"
"g_12975","1"
"g_12995","1"
"g_12997","6"
"g_12998","8"
"g_13008","6"
"g_13009","1"
"g_13013","13"
"g_13022","8"
"g_13060","12"
"g_13070","16"
"g_13074","15"
"g_13097","6"
"g_13145","6"
"g_13168","6"
"g_13184","15"
"g_13185","11"
"g_13195","12"
"g_13197","6"
"g_13206","22"
"g_13209","5"
"g_13211","6"
"g_13231","5"
"g_13265","8"
"g_13274","1"
"g_13276","8"
"g_13294","6"
"g_13296","6"
"g_13302","6"
"g_13306","8"
"g_13321","12"
"g_13329","6"
"g_13339","22"
"g_13356","5"
"g_13388","21"
"g_13392","1"
"g_13400","6"
"g_13418","8"
"g_13441","8"
"g_13444","6"
"g_13450","5"
"g_13453","5"
"g_13458","5"
"g_13461","22"
"g_13467","22"
"g_13496","15"
"g_13500","21"
"g_13519","8"
"g_13533","6"
"g_13537","8"
"g_13551","5"
"g_13552","12"
"g_13553","6"
"g_13558","6"
"g_13561","6"
"g_13583","1"
"g_13587","6"
"g_13612","2"
"g_13613","22"
"g_13618","15"
"g_13641","8"
"g_13643","8"
"g_13707","24"
"g_13721","15"
"g_13745","12"
"g_13758","8"
"g_13762","22"
"g_13770","5"
"g_13785","6"
"g_13786","5"
"g_13788","5"
"g_13804","8"
"g_13821","16"
"g_13823","8"
"g_13852","12"
"g_13854","8"
"g_13860","8"
"g_13861","1"
"g_13866","6"
"g_13886","6"
"g_13900","22"
"g_13921","6"
"g_13931","6"
"g_13937","11"
"g_13947","22"
"g_13948","5"
"g_13949","16"
"g_13965","6"
"g_13972","13"
"g_13973","22"
"g_13977","6"
"g_13980","19"
"g_13988","18"
"g_14008","10"
"g_14022","8"
"g_14043","9"
"g_14049","5"
"g_14051","6"
"g_14057","22"
"g_14060","8"
"g_14084","13"
"g_14096","6"
"g_14121","16"
"g_14131","8"
"g_14143","8"
"g_14161","5"
"g_14162","8"
"g_14174","12"
"g_14191","1"
"g_14209","19"
"g_14210","15"
"g_14215","5"
"g_14227","15"
"g_14230","1"
"g_14231","6"
"g_14250","15"
"g_14258","11"
"g_14278","6"
"g_14289","15"
"g_14317","11"
"g_14359","4"
"g_14360","12"
"g_14397","11"
"g_14422","6"
"g_14423","5"
"g_14424","6"
"g_14428","14"
"g_14429","5"
"g_14434","8"
"g_14444","22"
"g_14454","8"
"g_14462","6"
"g_14473","7"
"g_14481","6"
"g_14482","1"
"g_14488","15"
"g_14496","22"
"g_14503","22"
"g_14510","1"
"g_14515","5"
"g_14528","6"
"g_14544","5"
"g_14558","5"
"g_14572","15"
"g_14580","8"
"g_14581","19"
"g_14591","6"
"g_14615","12"
"g_14622","11"
"g_14625","6"
"g_14643","12"
"g_14651","8"
"g_14662","16"
"g_14664","8"
"g_14692","8"
"g_14704","12"
"g_14713","1"
"g_14729","22"
"g_14743","15"
"g_14748","5"
"g_14783","1"
"g_14799","15"
"g_14818","5"
"g_14822","15"
"g_14824","8"
"g_14828","13"
"g_14845","12"
"g_14847","18"
"g_14850","15"
"g_14857","6"
"g_14876","1"
"g_14883","6"
"g_14908","12"
"g_14909","8"
"g_14924","15"
"g_14925","1"
"g_14949","6"
"g_14956","1"
"g_14958","8"
"g_14962","8"
"g_14970","10"
"g_14991","8"
"g_15022","5"
"g_15042","1"
"g_15062","6"
"g_15067","8"
"g_15072","8"
"g_15082","6"
"g_15088","5"
"g_15089","1"
"g_15111","6"
"g_15127","8"
"g_15139","5"
"g_15162","18"
"g_15193","6"
"g_15201","15"
"g_15203","1"
"g_15209","1"
"g_15232","8"
"g_15247","5"
"g_15261","12"
"g_15288","5"
"g_15290","16"
"g_15296","22"
"g_15299","12"
"g_15301","8"
"g_15302","12"
"g_15307","8"
"g_15316","1"
"g_15322","8"
"g_15330","22"
"g_15338","9"
"g_15367","5"
"g_15368","15"
"g_15371","5"
"g_15374","8"
"g_15375","6"
"g_15377","6"
"g_15380","15"
"g_15389","6"
"g_15403","12"
"g_15408","1"
"g_15412","17"
"g_15421","1"
"g_15433","5"
"g_15442","22"
"g_15448","6"
"g_15450","8"
"g_15459","11"
"g_15460","6"
"g_15471","1"
"g_15483","11"
"g_15486","5"
"g_15495","15"
"g_15496","15"
"g_15501","8"
"g_15504","1"
"g_15514","11"
"g_15515","8"
"g_15537","16"
"g_15540","6"
"g_15550","8"
"g_15573","16"
"g_15575","8"
"g_15606","15"
"g_15609","6"
"g_15619","22"
"g_15624","8"
"g_15629","6"
"g_15630","1"
"g_15636","1"
"g_15638","15"
"g_15649","6"
"g_15657","22"
"g_15685","12"
"g_15688","1"
"g_15698","1"
"g_15704","22"
"g_15709","4"
"g_15712","8"
"g_15720","1"
"g_15741","12"
"g_15743","6"
"g_15751","8"
"g_15769","16"
"g_15798","4"
"g_15805","8"
"g_15809","11"
"g_15820","8"
"g_15837","8"
"g_15853","15"
"g_15860","4"
"g_15868","22"
"g_15889","5"
"g_15891","6"
"g_15897","12"
"g_15919","1"
"g_15928","6"
"g_15931","12"
"g_15958","22"
"g_15965","6"
"g_15970","5"
"g_15978","1"
"g_16000","16"
"g_16006","1"
"g_16013","18"
"g_16016","5"
"g_16019","22"
"g_16042","8"
"g_16054","8"
"g_16056","6"
"g_16057","8"
"g_16061","1"
"g_16077","24"
"g_16078","13"
"g_16081","15"
"g_16084","15"
"g_16100","6"
"g_16112","8"
"g_16120","15"
"g_16146","6"
"g_16150","8"
"g_16160","11"
"g_16187","6"
"g_16205","8"
"g_16215","6"
"g_16219","6"
"g_16232","15"
"g_16236","1"
"g_16255","4"
"g_16259","1"
"g_16279","5"
"g_16280","6"
"g_16281","6"
"g_16283","1"
"g_16290","5"
"g_16300","13"
"g_16319","8"
"g_16328","8"
"g_16335","8"
"g_16338","12"
"g_16349","15"
"g_16357","6"
"g_16381","15"
"g_16391","15"
"g_16396","9"
"g_16403","8"
"g_16406","3"
"g_16418","5"
"g_16427","15"
"g_16429","11"
"g_16436","5"
"g_16437","6"
"g_16441","6"
"g_16450","8"
"g_16462","11"
"g_16496","1"
"g_16499","6"
"g_16504","5"
"g_16506","1"
"g_16516","1"
"g_16521","18"
"g_16527","6"
"g_16531","1"
"g_16558","6"
"g_16561","13"
"g_16564","4"
"g_16566","15"
"g_16577","6"
"g_16586","22"
"g_16609","13"
"g_16627","8"
"g_16634","5"
"g_16664","5"
"g_16665","12"
"g_16680","15"
"g_16692","5"
"g_16701","6"
"g_16704","8"
"g_16712","6"
"g_16713","11"
"g_16718","1"
"g_16722","6"
"g_16733","5"
"g_16754","18"
"g_16769","1"
"g_16788","6"
"g_16802","6"
"g_16805","8"
"g_16808","8"
"g_16812","8"
"g_16816","16"
"g_16842","1"
"g_16844","8"
"g_16852","12"
"g_16873","15"
"g_16904","6"
"g_16908","6"
"g_16912","6"
"g_16923","8"
"g_16948","15"
"g_16951","6"
"g_16957","12"
"g_16962","6"
"g_16966","15"
"g_16968","22"
"g_16972","15"
"g_16975","5"
"g_16984","5"
"g_16991","21"
"g_17014","21"
"g_17022","14"
"g_17031","4"
"g_17041","18"
"g_17052","1"
"g_17076","4"
"g_17088","6"
"g_17093","1"
"g_17100","1"
"g_17118","15"
"g_17124","11"
"g_17126","15"
"g_17136","24"
"g_17147","15"
"g_17157","5"
"g_17163","5"
"g_17164","15"
"g_17171","20"
"g_17172","4"
"g_17173","11"
"g_17191","19"
"g_17193","18"
"g_17199","12"
"g_17202","5"
"g_17251","3"
"g_17252","5"
"g_17256","11"
"g_17271","5"
"g_17275","24"
"g_17303","6"
"g_17313","12"
"g_17332","6"
"g_17340","6"
"g_17383","1"
"g_17387","13"
"g_17409","6"
"g_17410","21"
"g_17413","8"
"g_17454","5"
"g_17455","6"
"g_17483","6"
"g_17496","1"
"g_17497","20"
"g_17508","5"
"g_17521","1"
"g_17523","15"
"g_17538","15"
"g_17558","19"
"g_17559","12"
"g_17562","22"
"g_17565","15"
"g_17568","8"
"g_17581","8"
"g_17589","12"
"g_17596","11"
"g_17636","16"
"g_17646","15"
"g_17653","13"
"g_17661","11"
"g_17674","22"
"g_17679","3"
"g_17700","12"
"g_17701","18"
"g_17705","15"
"g_17713","19"
"g_17714","21"
"g_17731","6"
"g_17750","15"
"g_17754","8"
"g_17773","8"
"g_17786","8"
"g_17840","8"
"g_17859","12"
"g_17863","11"
"g_17870","4"
"g_17877","22"
"g_17889","21"
"g_17897","13"
"g_17904","12"
"g_17926","22"
"g_17937","12"
"g_17938","12"
"g_17948","5"
"g_17954","18"
"g_17958","4"
"g_17975","10"
"g_18015","4"
"g_18023","21"
"g_18026","21"
"g_18027","12"
"g_18066","18"
"g_18069","15"
"g_18071","2"
"g_18094","15"
"g_18102","6"
"g_18110","5"
"g_18114","15"
"g_18122","13"
"g_18142","12"
"g_18158","1"
"g_18160","6"
"g_18165","6"
"g_18170","12"
"g_18173","5"
"g_18180","15"
"g_18186","8"
"g_18221","23"
"g_18242","1"
"g_18294","4"
"g_18300","6"
"g_18306","5"
"g_18330","15"
"g_18347","15"
"g_18369","11"
"g_18382","11"
"g_18394","5"
"g_18416","6"
"g_18426","15"
"g_18445","22"
"g_18471","5"
"g_18479","8"
"g_18483","18"
"g_18506","13"
"g_18527","18"
"g_18533","15"
"g_18541","5"
"g_18564","12"
"g_18569","14"
"g_18574","5"
"g_18616","13"
"g_18623","4"
"g_18639","8"
"g_18648","6"
"g_18665","5"
"g_18668","8"
"g_18690","6"
"g_18711","5"
"g_18721","2"
"g_18726","15"
"g_18734","13"
"g_18742","5"
"g_18784","8"
"g_18793","1"
"g_18804","5"
"g_18821","8"
"g_18833","2"
"g_18854","12"
"g_18864","5"
"g_18868","8"
"g_18880","18"
"g_18902","8"
"g_18903","1"
"g_18909","15"
"g_18910","9"
"g_18922","5"
"g_18927","18"
"g_18951","22"
"g_18967","15"
"g_18972","4"
"g_18993","16"
"g_19031","12"
"g_19035","8"
"g_19054","16"
"g_19066","21"
"g_19083","10"
"g_19091","12"
"g_19092","1"
"g_19093","8"
"g_19102","11"
"g_19130","8"
"g_19142","15"
"g_19167","11"
"g_19172","22"
"g_19178","12"
"g_19196","18"
"g_19200","17"
"g_19218","11"
"g_19244","20"
"g_19245","5"
"g_19271","18"
"g_19277","11"
"g_19284","8"
"g_19305","6"
"g_19322","15"
"g_19325","12"
"g_19327","4"
"g_19333","9"
"g_19352","1"
"g_19399","22"
"g_19404","13"
"g_19407","12"
"g_19417","12"
"g_19484","13"
"g_19485","11"
"g_19492","22"
"g_19507","4"
"g_19558","11"
"g_19626","6"
"g_19655","22"
"g_19669","5"
"g_19680","6"
"g_19682","15"
"g_19690","1"
"g_19691","15"
"g_19724","11"
"g_19736","24"
"g_19744","5"
"g_19745","15"
"g_19758","6"
"g_19781","18"
"g_19782","14"
"g_19792","8"
"g_19838","15"
"g_19879","22"
"g_19892","17"
"g_19898","11"
"g_19906","16"
"g_19911","1"
"g_19917","5"
"g_19934","18"
"g_19941","1"
"g_19949","14"
"g_19965","5"
"g_19983","9"
"g_19991","2"
"g_20029","2"
"g_20037","8"
"g_20040","12"
"g_20042","8"
"g_20043","8"
"g_20053","1"
"g_20060","18"
"g_20067","15"
"g_20068","11"
"g_20069","17"
"g_20071","13"
"g_20089","8"
"g_20098","21"
"g_20105","19"
"g_20117","12"
"g_20128","6"
"g_20133","8"
"g_20177","16"
"g_20230","11"
"g_20239","8"
"g_20269","4"
"g_20277","12"
"g_20292","1"
"g_20306","8"
"g_20314","22"
"g_20326","8"
"g_20330","16"
"g_20355","18"
"g_20407","11"
"g_20408","13"
"g_20409","6"
"g_20455","14"
"g_20460","17"
"g_20461","16"
"g_20474","6"
"g_20479","4"
"g_20482","12"
"g_20497","22"
"g_20510","15"
"g_20548","1"
"g_20572","21"
"g_20589","12"
"g_20610","3"
"g_20614","17"
"g_20666","13"
"g_20672","15"
"g_20724","12"
"g_20730","7"
"g_20742","11"
"g_20745","12"
"g_20748","5"
"g_20750","22"
"g_20759","15"
"g_20782","1"
"g_20815","14"
"g_20834","22"
"g_20869","15"
"g_20901","5"
"g_20906","5"
"g_20909","15"
"g_20914","5"
"g_20957","12"
"g_20993","8"
"g_21035","2"
"g_21037","12"
"g_21044","6"
"g_21045","18"
"g_21065","6"
"g_21090","15"
"g_21107","10"
"g_21111","22"
"g_21122","24"
"g_21141","18"
"g_21143","16"
"g_21159","15"
"g_21170","15"
"g_21188","18"
"g_21189","6"
"g_21196","6"
"g_21273","13"
"g_21283","12"
"g_21286","22"
"g_21337","6"
"g_21348","15"
"g_21356","6"
"g_21398","15"
"g_21399","1"
"g_21438","11"
"g_21484","6"
"g_21512","1"
"g_21542","12"
"g_21553","6"
"g_21560","8"
"g_21563","14"
"g_21564","19"
"g_21580","12"
"g_21594","16"
"g_21614","14"
"g_21641","22"
"g_21666","16"
"g_21706","13"
"g_21727","6"
"g_21765","13"
"g_21776","22"
"g_21777","5"
"g_21854","1"
"g_21884","15"
"g_21886","6"
"g_21954","6"
"g_21957","19"
"g_21993","1"
"g_22023","21"
"g_22057","5"
"g_22059","22"
"g_22066","14"
"g_22070","5"
"g_22111","6"
"g_22114","21"
"g_22116","24"
"g_22117","16"
"g_22157","15"
"g_22168","8"
"g_22197","8"
"g_22202","4"
"g_22204","8"
"g_22211","21"
"g_22215","12"
"g_22225","1"
"g_22229","5"
"g_22258","12"
"g_22268","5"
"g_22274","10"
"g_22288","18"
"g_22307","24"
"g_22330","13"
"g_22347","15"
"g_22373","5"
"g_22385","1"
"g_22424","16"
"g_22473","12"
"g_22476","5"
"g_22495","8"
"g_22500","5"
"g_22514","4"
"g_22535","15"
"g_22546","12"
"g_22549","8"
"g_22554","12"
"g_22555","22"
"g_22565","5"
"g_22592","19"
"g_22629","12"
"g_22638","12"
"g_22646","8"
"g_22648","8"
"g_22674","8"
"g_22714","15"
"g_22718","10"
"g_22739","2"
"g_22748","22"
"g_22766","5"
"g_22769","15"
"g_22781","14"
"g_22784","5"
"g_22790","8"
"g_22795","22"
"g_22842","15"
"g_22851","13"
"g_22857","22"
"g_22894","8"
"g_22896","12"
"g_22900","2"
"g_22919","1"
"g_22994","8"
"g_22995","15"
"g_23005","22"
"g_23009","15"
"g_23015","22"
"g_23028","11"
"g_23033","9"
"g_23046","11"
"g_23049","3"
"g_23051","6"
"g_23058","5"
"g_23060","5"
"g_23079","15"
"g_23121","11"
"g_23212","11"
"g_23242","3"
"g_23253","11"
"g_23270","22"
"g_23309","17"
"g_23314","6"
"g_23315","12"
"g_23327","1"
"g_23382","4"
"g_23385","13"
"g_23392","24"
"g_23398","18"
"g_23407","1"
"g_23437","6"
"g_23445","22"
"g_23450","8"
"g_23461","22"
"g_23468","5"
"g_23479","6"
"g_23487","12"
"g_23512","22"
"g_23543","18"
"g_23544","1"
"g_23553","2"
"g_23612","6"
"g_23614","11"
"g_23619","22"
"g_23642","15"
"g_23649","6"
"g_23671","15"
"g_23676","4"
"g_23679","16"
"g_23681","5"
"g_23695","5"
"g_23700","8"
"g_23705","13"
"g_23719","1"
"g_23721","8"
"g_23742","6"
"g_23768","11"
"g_23801","5"
"g_23815","13"
"g_23821","22"
"g_23829","6"
"g_23830","5"
"g_23835","14"
"g_23850","3"
"g_23895","16"
"g_23904","1"
"g_23905","11"
"g_23935","15"
"g_23974","6"
"g_23990","2"
"g_23994","12"
"g_23995","13"
"g_23996","6"
"g_24014","6"
"g_24045","6"
"g_24046","12"
"g_24059","17"
"g_24074","12"
"g_24075","22"
"g_24083","11"
"g_24090","12"
"g_24098","5"
"g_24100","22"
"g_24117","8"
"g_24119","6"
"g_24129","5"
"g_24131","6"
"g_24144","12"
"g_24156","6"
"g_24157","15"
"g_24164","15"
"g_24166","12"
"g_24183","11"
"g_24195","8"
"g_24206","12"
"g_24235","22"
"g_24238","11"
"g_24242","15"
"g_24272","5"
"g_24300","21"
"g_24327","9"
"g_24329","5"
"g_24343","20"
"g_24346","6"
"g_24350","12"
"g_24388","6"
"g_24435","5"
"g_24473","8"
"g_24534","11"
"g_24536","9"
"g_24547","1"
"g_24559","9"
"g_24576","12"
"g_24609","15"
"g_24617","6"
"g_24618","6"
"g_24621","15"
"g_24649","8"
"g_24668","12"
"g_24705","5"
"g_24730","5"
"g_24735","6"
"g_24752","5"
"g_24759","11"
"g_24785","1"
"g_24788","16"
"g_24800","8"
"g_24820","6"
"g_24829","8"
"g_24838","17"
"g_24869","6"
"g_24879","1"
"g_24895","12"
"g_24897","6"
"g_24902","5"
"g_24904","15"
"g_24906","22"
"g_24912","22"
"g_24927","2"
"g_24938","8"
"g_24940","15"
"g_24950","14"
"g_24953","24"
"g_24980","6"
"g_24993","5"
"g_25010","11"
"g_25018","12"
"g_25032","16"
"g_25041","11"
"g_25043","1"
"g_25044","1"
"g_25066","9"
"g_25067","8"
"g_25086","12"
"g_25100","2"
"g_25108","22"
"g_25139","5"
"g_25145","1"
"g_25190","8"
"g_25200","8"
"g_25224","2"
"g_25227","1"
"g_25229","24"
"g_25268","4"
"g_25297","4"
"g_25321","12"
"g_25331","1"
"g_25342","6"
"g_25346","4"
"g_25385","9"
"g_25386","5"
"g_25395","6"
"g_25398","14"
"g_25399","5"
"g_25403","9"
"g_25408","18"
"g_25409","8"
"g_25449","8"
"g_25451","8"
"g_25455","5"
"g_25456","22"
"g_25506","5"
"g_25512","22"
"g_25529","5"
"g_25531","6"
"g_25535","6"
"g_25545","4"
"g_25577","12"
"g_25608","1"
"g_25621","8"
"g_25635","12"
"g_25645","1"
"g_25658","5"
"g_25677","11"
"g_25688","6"
"g_25694","8"
"g_25719","24"
"g_25724","12"
"g_25732","6"
"g_25746","12"
"g_25763","6"
"g_25789","16"
"g_25794","11"
"g_25803","5"
"g_25804","17"
"g_25819","11"
"g_25828","6"
"g_25835","6"
"g_25837","5"
"g_25855","5"
"g_25859","20"
"g_25863","12"
"g_25865","18"
"g_25871","15"
"g_25894","1"
"g_25914","1"
"g_25924","15"
"g_25934","5"
"g_25935","1"
"g_25954","5"
"g_25958","22"
"g_25965","5"
"g_25986","6"
"g_26034","15"
"g_26036","5"
"g_26045","5"
"g_26049","6"
"g_26059","16"
"g_26069","16"
"g_26070","13"
"g_26090","12"
"g_26106","18"
"g_26112","8"
"g_26114","13"
"g_26133","8"
"g_26134","22"
"g_26154","8"
"g_26162","11"
"g_26176","5"
"g_26182","8"
"g_26196","5"
"g_26207","10"
"g_26209","22"
"g_26217","15"
"g_26225","2"
"g_26226","15"
"g_26235","2"
"g_26247","11"
"g_26269","5"
"g_26286","6"
"g_26287","8"
"g_26304","6"
"g_26306","6"
"g_26322","5"
"g_26328","8"
"g_26331","6"
"g_26352","6"
"g_26363","5"
"g_26386","15"
"g_26407","24"
"g_26413","11"
"g_26420","5"
"g_26429","16"
"g_26438","8"
"g_26467","6"
"g_26478","8"
"g_26479","21"
"g_26490","24"
"g_26554","4"
"g_26557","15"
"g_26572","15"
"g_26573","12"
"g_26577","2"
"g_26588","6"
"g_26594","5"
"g_26609","20"
"g_26643","6"
"g_26651","4"
"g_26652","13"
"g_26653","8"
"g_26656","22"
"g_26668","10"
"g_26676","5"
"g_26695","4"
"g_26706","18"
"g_26728","1"
"g_26733","15"
"g_26735","16"
"g_26736","12"
"g_26750","22"
"g_26751","8"
"g_26762","11"
"g_26763","17"
"g_26774","15"
"g_26790","15"
"g_26791","5"
"g_26796","14"
"g_26801","8"
"g_26823","12"
"g_26825","8"
"g_26836","21"
"g_26842","5"
"g_26864","15"
"g_26893","11"
"g_26903","6"
"g_26911","4"
"g_26920","15"
"g_26926","8"
"g_26928","15"
"g_26930","5"
"g_26936","15"
"g_26948","7"
"g_26956","6"
"g_26974","16"
"g_26981","18"
"g_26982","24"
"g_26983","15"
"g_26985","6"
"g_26986","8"
"g_26989","8"
"g_26995","11"
"g_27003","5"
"g_27006","5"
"g_27010","5"
"g_27014","12"
"g_27060","5"
"g_27061","5"
"g_27066","8"
"g_27071","15"
"g_27092","6"
"g_27139","5"
"g_27160","4"
"g_27168","20"
"g_27174","1"
"g_27177","11"
"g_27178","6"
"g_27184","14"
"g_27193","22"
"g_27210","6"
"g_27216","15"
"g_27233","1"
"g_27247","8"
"g_27261","15"
"g_27268","16"
"g_27270","12"
"g_27285","24"
"g_27289","16"
"g_27298","5"
"g_27306","19"
"g_27308","5"
"g_27326","12"
"g_27370","12"
"g_27378","6"
"g_27383","16"
"g_27385","18"
"g_27400","2"
"g_27415","8"
"g_27421","11"
"g_27430","1"
"g_27434","22"
"g_27456","4"
"g_27459","5"
"g_27462","1"
"g_27467","6"
"g_27480","15"
"g_27481","5"
"g_27487","8"
"g_27499","1"
"g_27504","22"
"g_27509","6"
"g_27514","1"
"g_27520","16"
"g_27521","8"
"g_27527","11"
"g_27530","15"
"g_27572","15"
"g_27583","13"
"g_27591","1"
"g_27593","14"
"g_27611","11"
"g_27616","3"
"g_27621","5"
"g_27649","11"
"g_27655","20"
"g_27665","1"
"g_27683","1"
"g_27691","13"
"g_27698","8"
"g_27740","2"
"g_27763","22"
"g_27780","10"
"g_27792","6"
"g_27801","22"
"g_27830","6"
"g_27833","5"
"g_27851","12"
"g_27853","12"
"g_27865","16"
"g_27871","1"
"g_27888","3"
"g_27890","17"
"g_27893","11"
"g_27975","8"
"g_27980","1"
"g_28009","13"
"g_28010","1"
"g_28042","1"
"g_28067","16"
"g_28076","16"
"g_28077","12"
"g_28126","15"
"g_28132","12"
"g_28134","8"
"g_28182","12"
"g_28191","15"
"g_28244","19"
"g_28252","12"
"g_28290","7"
"g_28292","15"
"g_28298","22"
"g_28303","12"
"g_28309","14"
"g_28314","12"
"g_28364","22"
"g_28371","18"
"g_28401","14"
"g_28409","16"
"g_28418","5"
"g_28444","1"
"g_28485","16"
"g_28503","5"
"g_28522","8"
"g_28523","5"
"g_28526","8"
"g_28542","8"
"g_28543","5"
"g_28554","1"
"g_28558","16"
"g_28571","1"
"g_28583","8"
"g_28591","15"
"g_28609","8"
"g_28620","12"
"g_28634","15"
"g_28656","12"
"g_28657","11"
"g_28666","5"
"g_28723","22"
"g_28760","22"
"g_28761","8"
"g_28763","12"
"g_28764","6"
"g_28769","22"
"g_28845","5"
"g_28862","12"
"g_28887","22"
"g_28893","8"
"g_28909","15"
"g_28913","11"
"g_28935","8"
"g_28982","12"
"g_29009","12"
"g_29016","15"
"g_29022","15"
"g_29028","1"
"g_29031","15"
"g_29050","17"
"g_29052","1"
"g_29066","8"
"g_29074","5"
"g_29077","22"
"g_29085","12"
"g_29184","6"
"g_29211","6"
"g_29215","8"
"g_29220","4"
"g_29261","12"
"g_29279","22"
"g_29280","6"
"g_29281","1"
"g_29294","1"
"g_29301","22"
"g_29314","5"
"g_29318","16"
"g_29319","15"
"g_29321","6"
"g_29329","16"
"g_29339","1"
"g_29372","1"
"g_29373","12"
"g_29380","6"
"g_29418","15"
"g_29420","5"
"g_29439","8"
"g_29444","12"
"g_29474","5"
"g_29488","8"
"g_29494","8"
"g_29522","8"
"g_29527","9"
"g_29554","12"
"g_29562","11"
"g_29563","1"
"g_29574","12"
"g_29576","8"
"g_29578","12"
"g_29587","22"
"g_29610","8"
"g_29625","4"
"g_29626","5"
"g_29646","14"
"g_29672","12"
"g_29673","1"
"g_29676","22"
"g_29693","15"
"g_29694","8"
"g_29714","15"
"g_29726","22"
"g_29729","5"
"g_29732","6"
"g_29736","15"
"g_29738","16"
"g_29754","12"
"g_29772","8"
"g_29789","22"
"g_29790","18"
"g_29796","20"
"g_29837","4"
"g_29840","12"
"g_29844","12"
"g_29869","8"
"g_29870","1"
"g_29897","5"
"g_29926","12"
"g_29962","1"
"g_29964","8"
"g_29987","18"
"g_30000","6"
"g_30096","1"
"g_30127","5"
"g_30130","12"
"g_30143","24"
"g_30194","8"
"g_30204","5"
"g_30217","3"
"g_30256","21"
"g_30282","22"
"g_30284","8"
"g_30288","19"
"g_30302","10"
"g_30319","18"
"g_30325","6"
"g_30333","12"
"g_30336","22"
"g_30361","14"
"g_30382","12"
"g_30400","1"
"g_30404","8"
"g_30411","8"
"g_30425","22"
"g_30438","12"
"g_30450","21"
"g_30456","15"
"g_30471","6"
"g_30475","6"
"g_30481","11"
"g_30527","15"
"g_30534","8"
"g_30537","15"
"g_30581","15"
"g_30598","17"
"g_30630","9"
"g_30641","12"
"g_30661","11"
"g_30670","19"
"g_30675","22"
"g_30686","12"
"g_30691","6"
"g_30693","6"
"g_30711","19"
"g_30712","22"
"g_30729","18"
"g_30741","1"
"g_30745","1"
"g_30749","5"
"g_30762","11"
"g_30767","12"
"g_30768","11"
"g_30798","14"
"g_30808","16"
"g_30892","12"
"g_30906","8"
"g_30919","1"
"g_30928","16"
"g_30939","11"
"g_30950","10"
"g_30954","22"
"g_30981","12"
"g_30996","22"
"g_31032","22"
"g_31050","3"
"g_31061","5"
"g_31067","6"
"g_31073","5"
"g_31084","13"
"g_31102","24"
"g_31146","4"
"g_31147","12"
"g_31168","8"
"g_31191","14"
"g_31201","22"
"g_31222","15"
"g_31227","22"
"g_31240","8"
"g_31244","15"
"g_31245","10"
"g_31272","15"
"g_31298","18"
"g_31326","5"
"g_31329","22"
"g_31371","5"
"g_31402","4"
"g_31427","22"
"g_31431","15"
"g_31432","13"
"g_31437","1"
"g_31452","16"
"g_31453","19"
"g_31456","1"
"g_31466","13"
"g_31469","21"
"g_31489","16"
"g_31492","18"
"g_31510","17"
"g_31529","6"
"g_31550","15"
"g_31562","12"
"g_31605","1"
"g_31607","5"
"g_31608","12"
"g_31647","22"
"g_31659","9"
"g_31662","13"
"g_31663","12"
"g_31676","20"
"g_31680","12"
"g_31689","6"
"g_31690","1"
"g_31699","12"
"g_31702","4"
"g_31709","1"
"g_31710","8"
"g_31762","15"
"g_31770","12"
"g_31774","8"
"g_31796","22"
"g_31804","6"
"g_31807","22"
"g_31823","14"
"g_31844","15"
"g_31859","2"
"g_31880","8"
"g_31917","15"
"g_31918","12"
"g_31919","12"
"g_31948","6"
"g_31965","5"
"g_32060","5"
"g_32069","8"
"g_32070","11"
"g_32078","5"
"g_32095","19"
"g_32101","17"
"g_32105","6"
"g_32121","8"
"g_32131","15"
"g_32146","11"
"g_32150","15"
"g_32157","19"
"g_32168","18"
"g_32175","11"
"g_32200","8"
"g_32205","1"
"g_32210","8"
"g_32218","4"
"g_32223","15"
"g_32243","12"
"g_32254","6"
"g_32265","15"
"g_32278","14"
"g_32290","1"
"g_32294","5"
"g_32298","16"
"g_32324","6"
"g_32327","5"
"g_32341","11"
"g_32349","24"
"g_32350","11"
"g_32357","22"
"g_32364","15"
"g_32368","9"
"g_32381","5"
"g_32398","6"
"g_32400","6"
"g_32407","11"
"g_32408","12"
"g_32411","22"
"g_32413","17"
"g_32420","4"
"g_32435","11"
"g_32453","22"
"g_32457","22"
"g_32486","11"
"g_32490","6"
"g_32496","6"
"g_32498","5"
"g_32510","11"
"g_32519","8"
"g_32529","1"
"g_32535","8"
"g_32536","8"
"g_32540","13"
"g_32542","17"
"g_32591","6"
"g_32596","8"
"g_32604","18"
"g_32605","19"
"g_32606","1"
"g_32613","5"
"g_32626","11"
"g_32637","2"
"g_32647","12"
"g_32667","15"
"g_32703","12"
"g_32708","3"
"g_32734","12"
"g_32744","11"
"g_32755","8"
"g_32759","2"
"g_32766","12"
"g_32770","22"
"g_32790","13"
"g_32793","6"
"g_32806","12"
"g_32812","15"
"g_32830","24"
"g_32846","16"
"g_32847","15"
"g_32855","15"
"g_32860","2"
"g_32879","3"
"g_32911","12"
"g_32912","1"
"g_32929","11"
"g_32952","13"
"g_32962","12"
"g_32984","11"
"g_32996","6"
"g_33001","6"
"g_33006","8"
"g_33028","8"
"g_33036","6"
"g_33040","3"
"g_33048","4"
"g_33051","15"
"g_33056","5"
"g_33082","16"
"g_33084","15"
"g_33131","6"
"g_33170","1"
"g_33193","8"
"g_33199","11"
"g_33204","12"
"g_33226","5"
"g_33229","9"
"g_33234","22"
"g_33249","15"
"g_33261","16"
"g_33262","5"
"g_33263","8"
"g_33265","1"
"g_33279","11"
"g_33307","15"
"g_33317","5"
"g_33330","8"
"g_33341","13"
"g_33344","5"
"g_33364","4"
"g_33389","5"
"g_33406","11"
"g_33409","7"
"g_33423","4"
"g_33434","22"
"g_33453","15"
"g_33484","6"
"g_33487","6"
"g_33488","8"
"g_33489","22"
"g_33502","8"
"g_33516","4"
"g_33518","5"
"g_33541","6"
"g_33573","2"
"g_33583","4"
"g_33585","11"
"g_33597","11"
"g_33609","12"
"g_33610","5"
"g_33611","11"
"g_33616","24"
"g_33631","6"
"g_33642","15"
"g_33644","13"
"g_33647","5"
"g_33650","4"
"g_33660","24"
"g_33666","11"
"g_33698","15"
"g_33699","8"
"g_33702","4"
"g_33705","13"
"g_33708","6"
"g_33709","8"
"g_33724","8"
"g_33725","8"
"g_33729","6"
"g_33752","1"
"g_33758","5"
"g_33766","13"
"g_33780","3"
"g_33791","17"
"g_33794","6"
"g_33798","11"
"g_33816","23"
"g_33825","2"
"g_33828","11"
"g_33862","15"
"g_33869","11"
"g_33875","8"
"g_33877","13"
"g_33905","5"
"g_33912","12"
"g_33933","22"
"g_33934","6"
"g_33947","6"
"g_33951","22"
"g_33959","13"
"g_33994","11"
"g_34009","11"
"g_34014","18"
"g_34019","15"
"g_34028","12"
"g_34056","15"
"g_34064","1"
"g_34068","6"
"g_34073","20"
"g_34103","18"
"g_34112","22"
"g_34124","11"
"g_34130","13"
"g_34141","15"
"g_34142","12"
"g_34163","6"
"g_34166","5"
"g_34176","9"
"g_34180","22"
"g_34183","18"
"g_34193","15"
"g_34194","8"
"g_34198","8"
"g_34215","8"
"g_34218","19"
"g_34237","1"
"g_34258","4"
"g_34260","15"
"g_34269","12"
"g_34274","5"
"g_34287","11"
"g_34314","5"
"g_34327","5"
"g_34378","11"
"g_34384","14"
"g_34385","11"
"g_34403","11"
"g_34408","12"
"g_34426","23"
"g_34446","15"
"g_34464","17"
"g_34465","11"
"g_34473","16"
"g_34480","6"
"g_34502","5"
"g_34508","21"
"g_34511","6"
"g_34513","11"
"g_34515","1"
"g_34526","12"
"g_34535","15"
"g_34539","2"
"g_34553","5"
"g_34560","1"
"g_34566","11"
"g_34567","5"
"g_34571","1"
"g_34572","6"
"g_34600","5"
"g_34612","3"
"g_34614","1"
"g_34625","22"
"g_34627","6"
"g_34628","11"
"g_34647","12"
"g_34652","8"
"g_34662","15"
"g_34664","5"
"g_34674","13"
"g_34684","2"
"g_34707","21"
"g_34740","15"
"g_34741","1"
"g_34766","6"
"g_34767","16"
"g_34768","15"
"g_34775","14"
"g_34777","23"
"g_34789","15"
"g_34806","6"
"g_34809","6"
"g_34835","13"
"g_34849","15"
"g_34857","15"
"g_34867","8"
"g_34881","8"
"g_34882","24"
"g_34887","4"
"g_34893","8"
"g_34912","15"
"g_34914","16"
"g_34915","15"
"g_34917","22"
"g_34925","8"
"g_34926","8"
"g_34945","11"
"g_34946","6"
"g_34950","6"
"g_34967","16"
"g_34977","12"
"g_35024","22"
"g_35029","13"
"g_35043","16"
"g_35048","15"
"g_35074","1"
"g_35077","22"
"g_35082","6"
"g_35085","24"
"g_35091","12"
"g_35093","6"
"g_35103","15"
"g_35119","6"
"g_35138","6"
"g_35140","4"
"g_35149","10"
"g_35167","6"
"g_35176","15"
"g_35198","5"
"g_35209","18"
"g_35231","12"
"g_35237","22"
"g_35255","6"
"g_35258","6"
"g_35276","1"
"g_35297","15"
"g_35307","12"
"g_35321","4"
"g_35339","8"
"g_35344","8"
"g_35376","12"
"g_35386","22"
"g_35403","5"
"g_35405","8"
"g_35429","12"
"g_35433","11"
"g_35435","12"
"g_35448","1"
"g_35456","22"
"g_35473","11"
"g_35474","8"
"g_35496","5"
"g_35497","4"
"g_35506","6"
"g_35534","12"
"g_35537","8"
"g_35538","12"
"g_35548","5"
"g_35561","8"
"g_35572","15"
"g_35584","8"
"g_35595","12"
"g_35614","12"
"g_35621","1"
"g_35625","9"
"g_35639","8"
"g_35690","1"
"g_35692","8"
"g_35700","8"
"g_35707","1"
"g_35710","6"
"g_35714","1"
"g_35738","16"
"g_35767","6"
"g_35792","15"
"g_35796","5"
"g_35807","13"
"g_35852","22"
"g_35856","22"
"g_35870","8"
"g_35873","8"
"g_35878","6"
"g_35882","11"
"g_35896","24"
"g_35901","6"
"g_35902","13"
"g_35909","11"
"g_35939","12"
"g_35943","12"
"g_35959","5"
"g_35973","6"
"g_35987","23"
"g_36009","17"
"g_36018","23"
"g_36038","5"
"g_36050","3"
"g_36134","24"
"g_36177","18"
"g_36228","7"
"g_36257","3"
"g_36275","3"
"g_36328","10"
"g_36331","14"
"g_36339","17"
"g_36344","3"
"g_36351","3"
"g_36414","3"
"g_36463","17"
"g_36480","19"
"g_36486","14"
"g_36503","4"
"g_36506","14"
"g_36564","3"
"g_36602","24"
"g_36635","19"
"g_36639","23"
"g_36658","4"
"g_36660","19"
"g_36727","24"
"g_36753","10"
"g_36787","3"
"g_36818","18"
"g_36834","24"
"g_36856","9"
"g_36859","19"
"g_36877","17"
"g_36888","3"
"g_36927","3"
"g_36949","9"
"g_36978","24"
"g_37001","10"
"g_37005","23"
"g_37061","20"
"g_37067","17"
"g_37177","18"
"g_37212","18"
"g_37233","3"
"g_37285","3"
"g_37287","18"
"g_37326","24"
"g_37327","9"
"g_37335","18"
"g_37345","9"
"g_37360","18"
"g_37396","24"
"g_37424","17"
"g_37425","24"
"g_37437","21"
"g_37448","10"
"g_37455","3"
"g_37512","18"
"g_37568","21"
"g_37572","2"
"g_37591","20"
"g_37627","23"
"g_37632","24"
"g_37657","9"
"g_37668","3"
"g_37682","10"
"g_37703","24"
"g_37732","10"
"g_37750","23"
"g_37774","24"
"g_37783","23"
"g_37809","3"
"g_37830","10"
"g_37840","19"
"g_37849","24"
"g_37854","23"
"g_37856","3"
"g_37858","21"
"g_37916","19"
"g_37917","18"
"g_37966","19"
"g_37967","17"
"g_37978","21"
"g_37989","21"
"g_38014","24"
"g_38015","17"
"g_38020","3"
"g_38061","9"
"g_38102","3"
"g_38104","10"
"g_38122","21"
"g_38132","18"
"g_38133","3"
"g_38156","10"
"g_38165","5"
"g_38179","10"
"g_38198","16"
"g_38216","21"
"g_38253","4"
"g_38255","18"
"g_38263","18"
"g_38269","3"
"g_38292","21"
"g_38325","10"
"g_38354","24"
"g_38359","3"
"g_38378","2"
"g_38393","24"
"g_38401","18"
"g_38420","3"
"g_38443","18"
"g_38489","10"
"g_38544","3"
"g_38546","19"
"g_38549","9"
"g_38557","7"
"g_38588","3"
"g_38597","4"
"g_38609","10"
"g_38646","3"
"g_38647","17"
"g_38648","18"
"g_38659","21"
"g_38741","24"
"g_38760","3"
"g_38777","14"
"g_38790","21"
"g_38794","17"
"g_38835","19"
"g_38865","10"
"g_38880","9"
"g_38900","18"
"g_38912","24"
"g_38964","9"
"g_39030","4"
"g_39044","10"
"g_39098","9"
"g_39134","17"
"g_39138","10"
"g_39146","10"
"g_39148","24"
"g_39162","18"
"g_39193","21"
"g_39213","17"
"g_39249","24"
"g_39324","24"
"g_39344","24"
"g_39401","3"
"g_39413","24"
"g_39463","5"
"g_39466","5"
"g_39477","17"
"g_39487","17"
"g_39510","21"
"g_39516","2"
"g_39528","10"
"g_39550","3"
"g_39552","18"
"g_39567","7"
"g_39586","24"
"g_39590","3"
"g_39630","18"
"g_39638","24"
"g_39721","3"
"g_39735","22"
"g_39737","18"
"g_39743","24"
"g_39884","10"
"g_39956","23"
"g_39975","14"
"g_39982","22"
"g_40058","18"
"g_40086","24"
"g_40128","11"
"g_40160","11"
"g_40162","24"
"g_40188","22"
"g_40215","10"
"g_40241","24"
"g_40276","9"
"g_40292","22"
"g_40325","24"
"g_40342","18"
"g_40359","18"
"g_40400","23"
"g_40420","18"
"g_40428","24"
"g_40429","9"
"g_40450","20"
"g_40464","18"
"g_40513","24"
"g_40554","24"
"g_40587","9"
"g_40613","18"
"g_40621","24"
"g_40627","9"
"g_40677","18"
"g_40702","24"
"g_40719","18"
"g_40731","24"
"g_40735","10"
"g_40745","2"
"g_40758","18"
"g_40766","18"
"g_40835","10"
"g_40850","3"
"g_40863","10"
"g_40877","24"
"g_40956","7"
"g_40968","7"
"g_40972","18"
"g_41012","18"
"g_41019","17"
"g_41094","24"
"g_41110","3"
"g_41114","24"
"g_41186","3"
"g_41205","18"
"g_41282","9"
"g_41286","18"
"g_41324","18"
"g_41330","3"
"g_41345","18"
"g_41353","3"
"g_41415","10"
"g_41422","3"
"g_41472","17"
"g_41479","3"
"g_41510","24"
"g_41521","18"
"g_41531","5"
"g_41543","21"
"g_41578","19"
"g_41591","5"
"g_41596","24"
"g_41600","10"
"g_41689","10"
"g_41740","24"
"g_41760","23"
"g_41862","18"
"g_41887","10"
"g_41888","2"
"g_41895","5"
"g_41907","10"
"g_41921","10"
"g_41934","10"
"g_41950","3"
"g_41958","20"
"g_41973","10"
"g_41988","24"
"g_41989","13"
"g_42015","14"
"g_42028","18"
"g_42031","19"
"g_42084","9"
"g_42110","20"
"g_42132","24"
"g_42147","24"
"g_42160","18"
"g_42229","21"
"g_42278","18"
"g_42286","19"
"g_42300","23"
"g_42326","18"
"g_42359","3"
"g_42374","7"
"g_42416","17"
"g_42496","3"
"g_42509","7"
"g_42535","17"
"g_42568","3"
"g_42594","10"
"g_42603","10"
"g_42605","3"
"g_42665","17"
"g_42716","17"
"g_42730","18"
"g_42760","22"
"g_42776","5"
"g_42777","14"
"g_42784","17"
"g_42820","20"
"g_42880","18"
"g_42882","19"
"g_42897","3"
"g_42974","7"
"g_42989","18"
"g_43015","10"
"g_43045","3"
"g_43055","2"
"g_43069","18"
"g_43079","17"
"g_43083","17"
"g_43106","3"
"g_43109","21"
"g_43115","18"
"g_43133","20"
"g_43134","3"
"g_43147","10"
"g_43202","7"
"g_43203","23"
"g_43212","18"
"g_43236","5"
"g_43244","10"
"g_43282","11"
"g_43286","10"
"g_43287","3"
"g_43296","9"
"g_43308","21"
"g_43329","7"
"g_43337","17"
"g_43354","3"
"g_43372","5"
"g_43398","17"
"g_43435","24"
"g_43460","7"
"g_43476","10"
"g_43504","22"
"g_43606","3"
"g_43618","19"
"g_43620","18"
"g_43646","7"
"g_43668","24"
"g_43673","18"
"g_43682","3"
"g_43723","24"
"g_43757","3"
"g_43758","18"
"g_43801","21"
"g_43864","17"
"g_43911","19"
"g_43939","24"
"g_43978","24"
"g_43989","5"
"g_44089","18"
"g_44140","3"
"g_44153","3"
"g_44177","17"
"g_44192","22"
"g_44221","3"
"g_44224","10"
"g_44255","10"
"g_44268","24"
"g_44293","20"
"g_44300","17"
"g_44301","3"
"g_44331","3"
"g_44438","20"
"g_44444","3"
"g_44448","19"
"g_44512","23"
"g_44516","19"
"g_44522","3"
"g_44576","3"
"g_44583","18"
"g_44593","3"
"g_44604","10"
"g_44611","3"
"g_44613","24"
"g_44628","3"
"g_44629","18"
"g_44706","7"
"g_44716","3"
"g_44722","7"
"g_44751","10"
"g_44776","7"
"g_44792","5"
"g_44796","24"
"g_44824","3"
"g_44836","17"
"g_44848","22"
"g_44849","5"
"g_44898","4"
"g_44903","18"
"g_44935","3"
"g_44987","24"
"g_45006","5"
"g_45014","10"
"g_45018","24"
"g_45037","20"
"g_45064","7"
"g_45067","3"
"g_45078","22"
"g_45085","18"
"g_45099","5"
"g_45105","18"
"g_45141","3"
"g_45154","18"
"g_45168","5"
"g_45177","20"
"g_45197","17"
"g_45201","18"
"g_45225","17"
"g_45231","18"
"g_45324","10"
"g_45369","3"
"g_45386","3"
"g_45398","19"
"g_45400","18"
"g_45430","3"
"g_45436","3"
"g_45437","3"
"g_45473","3"
"g_45476","18"
"g_45482","14"
"g_45506","3"
"g_45585","24"
"g_45660","17"
"g_45686","17"
"g_45693","17"
"g_45699","24"
"g_45713","17"
"g_45786","3"
"g_45799","17"
"g_45827","10"
"g_45843","16"
"g_45851","3"
"g_45860","11"
"g_45861","7"
"g_45874","10"
"g_45888","4"
"g_45891","17"
"g_45895","11"
"g_45910","19"
"g_45913","16"
"g_45930","6"
"g_45955","11"
"g_45966","6"
"g_45969","3"
"g_45977","6"
"g_46055","8"
"g_46063","6"
"g_46089","6"
"g_46126","16"
"g_46127","13"
"g_46128","17"
"g_46227","17"
"g_46243","16"
"g_46294","12"
"g_46305","24"
"g_46316","16"
"g_46327","4"
"g_46343","12"
"g_46354","12"
"g_46374","9"
"g_46378","10"
"g_46387","8"
"g_46396","13"
"g_46422","19"
"g_46453","4"
"g_46456","15"
"g_46481","3"
"g_46486","6"
"g_46494","3"
"g_46505","6"
"g_46510","7"
"g_46525","24"
"g_46534","11"
"g_46555","14"
"g_46556","24"
"g_46580","16"
"g_46595","3"
"g_46635","16"
"g_46646","12"
"g_46655","17"
"g_46660","17"
"g_46666","14"
"g_46672","12"
"g_46713","6"
"g_46716","11"
"g_46721","7"
"g_46722","1"
"g_46724","16"
"g_46728","3"
"g_46759","12"
"g_46777","15"
"g_46780","17"
"g_46792","12"
"g_46812","24"
"g_46824","3"
"g_46831","22"
"g_46846","7"
"g_46847","15"
"g_46864","11"
"g_46870","17"
"g_46875","11"
"g_46903","6"
"g_46904","12"
"g_46911","8"
"g_46913","17"
"g_46921","9"
"g_46942","16"
"g_46971","17"
"g_46990","3"
"g_46995","10"
"g_46999","15"
"g_47008","21"
"g_47013","15"
"g_47024","3"
"g_47074","12"
"g_47092","6"
"g_47096","17"
"g_47134","17"
"g_47158","3"
"g_47211","15"
"g_47230","6"
"g_47250","3"
"g_47256","17"
"g_47268","21"
"g_47269","3"
"g_47274","17"
"g_47291","17"
"g_47300","24"
"g_47315","17"
"g_47318","13"
"g_47320","8"
"g_47324","4"
"g_47340","17"
"g_47363","19"
"g_47387","11"
"g_47392","4"
"g_47393","19"
"g_47402","3"
"g_47404","3"
"g_47410","17"
"g_47415","6"
"g_47423","11"
"g_47439","11"
"g_47454","15"
"g_47485","11"
"g_47487","16"
"g_47489","6"
"g_47493","17"
"g_47511","17"
"g_47513","6"
"g_47548","23"
"g_47549","6"
"g_47567","15"
"g_47608","8"
"g_47616","2"
"g_47625","10"
"g_47675","17"
"g_47682","11"
"g_47692","7"
"g_47700","3"
"g_47717","17"
"g_47718","17"
"g_47741","24"
"g_47743","17"
"g_47750","3"
"g_47765","7"
"g_47766","7"
"g_47778","17"
"g_47784","4"
"g_47788","12"
"g_47790","6"
"g_47793","3"
"g_47798","10"
"g_47814","11"
"g_47844","11"
"g_47850","17"
"g_47862","17"
"g_47863","3"
"g_47865","4"
"g_47868","8"
"g_47878","24"
"g_47881","23"
"g_47884","23"
"g_47902","17"
"g_47905","6"
"g_47912","23"
"g_47927","3"
"g_47936","12"
"g_47940","3"
"g_47942","8"
"g_47948","2"
"g_47951","17"
"g_47956","10"
"g_47961","20"
"g_47974","17"
"g_48001","7"
"g_48003","17"
"g_48012","3"
"g_48036","16"
"g_48043","10"
"g_48057","3"
"g_48058","15"
"g_48059","16"
"g_48061","7"
"g_48066","3"
"g_48072","11"
"g_48084","17"
"g_48085","3"
"g_48107","17"
"g_48123","3"
"g_48125","17"
"g_48128","10"
"g_48129","17"
"g_48134","6"
"g_48136","6"
"g_48138","11"
"g_48139","4"
"g_48146","11"
"g_48159","17"
"g_48162","16"
"g_48163","4"
"g_48166","6"
"g_48184","23"
"g_48196","23"
"g_48202","11"
"g_48211","19"
"g_48216","15"
"g_48220","23"
"g_48228","18"
"g_48232","11"
"g_48237","17"
"g_48239","7"
"g_48243","15"
"g_48245","16"
"g_48246","10"
"g_48257","24"
"g_48266","20"
"g_48270","17"
"g_48274","3"
"g_48275","3"
"g_48285","3"
"g_48290","3"
"g_48302","15"
"g_48330","10"
"g_48331","20"
"g_48343","16"
"g_48347","6"
"g_48359","20"
"g_48375","7"
"g_48377","23"
"g_48387","17"
"g_48391","6"
"g_48405","13"
"g_48424","17"
"g_48433","7"
"g_48445","7"
"g_48453","14"
"g_48460","16"
"g_48464","4"
"g_48497","7"
"g_48499","17"
"g_48504","12"
"g_48509","23"
"g_48516","17"
"g_48523","13"
"g_48530","12"
"g_48532","23"
"g_48536","6"
"g_48538","3"
"g_48549","17"
"g_48552","17"
"g_48562","7"
"g_48626","17"
"g_48627","20"
"g_48637","11"
"g_48642","12"
"g_48650","17"
"g_48662","3"
"g_48663","15"
"g_48668","23"
"g_48676","17"
"g_48682","3"
"g_48685","12"
"g_48696","17"
"g_48697","17"
"g_48714","15"
"g_48717","11"
"g_48732","18"
"g_48742","13"
"g_48748","11"
"g_48750","6"
"g_48778","17"
"g_48787","17"
"g_48796","15"
"g_48810","17"
"g_48816","8"
"g_48817","24"
"g_48821","17"
"g_48828","6"
"g_48836","13"
"g_48855","17"
"g_48866","24"
"g_48870","7"
"g_48881","6"
"g_48894","11"
"g_48896","15"
"g_48913","8"
"g_48916","12"
"g_48920","8"
"g_48924","11"
"g_48930","8"
"g_48931","3"
"g_48933","2"
"g_48944","3"
"g_48958","11"
"g_48962","13"
"g_49021","12"
"g_49027","6"
"g_49045","16"
"g_49046","16"
"g_49064","12"
"g_49081","4"
"g_49084","6"
"g_49086","4"
"g_49089","15"
"g_49090","16"
"g_49100","15"
"g_49121","24"
"g_49124","23"
"g_49125","3"
"g_49127","7"
"g_49130","3"
"g_49141","11"
"g_49143","17"
"g_49159","6"
"g_49160","8"
"g_49170","17"
"g_49175","3"
"g_49178","10"
"g_49220","16"
"g_49222","6"
"g_49224","17"
"g_49226","17"
"g_49228","17"
"g_49233","12"
"g_49235","17"
"g_49239","16"
"g_49262","6"
"g_49286","17"
"g_49311","3"
"g_49325","12"
"g_49334","6"
"g_49337","11"
"g_49342","8"
"g_49347","6"
"g_49348","7"
"g_49351","23"
"g_49359","10"
"g_49368","16"
"g_49379","17"
"g_49383","4"
"g_49401","12"
"g_49422","19"
"g_49433","12"
"g_49435","21"
"g_49438","10"
"g_49441","16"
"g_49446","14"
"g_49459","7"
"g_49476","15"
"g_49481","11"
"g_49485","12"
"g_49487","11"
"g_49491","16"
"g_49492","16"
"g_49506","14"
"g_49507","3"
"g_49509","7"
"g_49510","13"
"g_49525","17"
"g_49544","3"
"g_49548","13"
"g_49550","12"
"g_49567","19"
"g_49585","7"
"g_49595","8"
"g_49615","14"
"g_49627","15"
"g_49634","3"
"g_49635","3"
"g_49643","4"
"g_49646","15"
"g_49647","24"
"g_49680","14"
"g_49684","6"
"g_49695","17"
"g_49704","15"
"g_49709","14"
"g_49710","17"
"g_49713","7"
"g_49725","7"
"g_49726","16"
"g_49736","15"
"g_49741","10"
"g_49742","19"
"g_49774","16"
"g_49791","15"
"g_49795","11"
"g_49798","15"
"g_49802","13"
"g_49811","17"
"g_49815","17"
"g_49821","20"
"g_49827","10"
"g_49829","11"
"g_49834","19"
"g_49842","14"
"g_49863","4"
"g_49864","11"
"g_49874","3"
"g_49878","8"
"g_49880","12"
"g_49895","4"
"g_49902","3"
"g_49904","17"
"g_49923","4"
"g_49925","6"
"g_49934","4"
"g_49936","4"
"g_49937","12"
"g_49941","4"
"g_49943","17"
"g_49974","3"
"g_49994","4"
"g_50002","10"
"g_50008","3"
"g_50011","11"
"g_50012","16"
"g_50056","24"
"g_50063","14"
"g_50078","3"
"g_50079","12"
"g_50087","16"
"g_50092","2"
"g_50104","17"
"g_50110","17"
"g_50119","12"
"g_50126","16"
"g_50158","4"
"g_50204","7"
"g_50207","19"
"g_50230","4"
"g_50233","15"
"g_50237","16"
"g_50239","17"
"g_50241","12"
"g_50249","11"
"g_50259","16"
"g_50266","23"
"g_50296","10"
"g_50302","17"
"g_50317","19"
"g_50326","7"
"g_50342","12"
"g_50354","23"
"g_50358","17"
"g_50366","24"
"g_50369","8"
"g_50387","17"
"g_50394","4"
"g_50408","4"
"g_50434","12"
"g_50438","10"
"g_50441","4"
"g_50447","17"
"g_50450","16"
"g_50459","11"
"g_50467","12"
"g_50495","12"
"g_50519","17"
"g_50520","10"
"g_50526","3"
"g_50530","12"
"g_50534","4"
"g_50551","10"
"g_50574","4"
"g_50575","10"
"g_50591","15"
"g_50596","4"
"g_50602","9"
"g_50605","10"
"g_50617","11"
"g_50633","4"
"g_50645","19"
"g_50660","17"
"g_50676","4"
"g_50723","11"
"g_50727","15"
"g_50730","4"
"g_50746","17"
"g_50753","3"
"g_50770","9"
"g_50772","14"
"g_50793","7"
"g_50799","6"
"g_50800","3"
"g_50809","17"
"g_50824","17"
"g_50834","3"
"g_50847","19"
"g_50862","11"
"g_50866","10"
"g_50867","15"
"g_50868","3"
"g_50884","17"
"g_50892","4"
"g_50902","17"
"g_50903","4"
"g_50908","10"
"g_50913","3"
"g_50929","3"
"g_50941","9"
"g_50943","21"
"g_50944","21"
"g_50953","10"
"g_50957","3"
"g_50973","6"
"g_50977","3"
"g_50982","8"
"g_51039","3"
"g_51043","17"
"g_51048","3"
"g_51052","17"
"g_51057","23"
"g_51059","3"
"g_51065","15"
"g_51070","3"
"g_51087","4"
"g_51101","8"
"g_51103","14"
"g_51104","11"
"g_51127","12"
"g_51138","12"
"g_51140","11"
"g_51143","15"
"g_51157","7"
"g_51165","4"
"g_51174","3"
"g_51175","10"
"g_51179","15"
"g_51213","23"
"g_51217","6"
"g_51234","15"
"g_51260","15"
"g_51268","3"
"g_51271","17"
"g_51290","3"
"g_51303","10"
"g_51304","19"
"g_51325","3"
"g_51332","15"
"g_51381","15"
"g_51385","17"
"g_51393","16"
"g_51398","3"
"g_51401","17"
"g_51409","6"
"g_51414","24"
"g_51415","17"
"g_51418","3"
"g_51421","2"
"g_51423","8"
"g_51427","17"
"g_51430","3"
"g_51440","14"
"g_51446","12"
"g_51450","11"
"g_51452","3"
"g_51454","7"
"g_51461","3"
"g_51468","15"
"g_51469","17"
"g_51487","17"
"g_51502","10"
"g_51509","10"
"g_51513","17"
"g_51514","17"
"g_51516","17"
"g_51523","9"
"g_51526","9"
"g_51534","11"
"g_51541","6"
"g_51545","11"
"g_51550","17"
"g_51573","15"
"g_51601","2"
"g_51619","3"
"g_51620","6"
"g_51623","20"
"g_51624","6"
"g_51630","20"
"g_51633","15"
"g_51642","6"
"g_51645","15"
"g_51649","7"
"g_51650","17"
"g_51655","13"
"g_51656","20"
"g_51661","13"
"g_51664","17"
"g_51665","3"
"g_51670","6"
"g_51684","7"
"g_51694","12"
"g_51704","10"
"g_51736","3"
"g_51741","4"
"g_51753","23"
"g_51762","17"
"g_51764","6"
"g_51776","6"
"g_51790","3"
"g_51798","15"
"g_51799","16"
"g_51804","17"
"g_51805","23"
"g_51812","12"
"g_51813","17"
"g_51816","4"
"g_51819","16"
"g_51825","3"
"g_51830","17"
"g_51834","17"
"g_51835","3"
"g_51847","12"
"g_51852","4"
"g_51893","16"
"g_51895","13"
"g_51898","17"
"g_51912","11"
"g_51916","16"
"g_51923","3"
"g_51926","6"
"g_51938","3"
"g_51969","17"
"g_51984","6"
"g_51988","16"
"g_52020","12"
"g_52029","4"
"g_52031","17"
"g_52037","7"
"g_52040","6"
"g_52060","6"
"g_52083","16"
"g_52090","17"
"g_52091","24"
"g_52093","17"
"g_52123","21"
"g_52131","17"
"g_52145","17"
"g_52152","3"
"g_52165","16"
"g_52172","7"
"g_52195","17"
"g_52206","15"
"g_52217","6"
"g_52244","16"
"g_52268","11"
"g_52276","16"
"g_52287","17"
"g_52290","16"
"g_52292","17"
"g_52294","6"
"g_52297","23"
"g_52317","6"
"g_52364","4"
"g_52383","23"
"g_52385","8"
"g_52396","23"
"g_52400","11"
"g_52401","17"
"g_52407","23"
"g_52420","3"
"g_52421","17"
"g_52432","17"
"g_52443","17"
"g_52445","17"
"g_52455","3"
"g_52465","7"
"g_52473","23"
"g_52483","1"
"g_52495","6"
"g_52513","14"
"g_52529","15"
"g_52534","3"
"g_52585","9"
"g_52605","17"
"g_52621","4"
"g_52638","8"
"g_52647","17"
"g_52666","15"
"g_52668","15"
"g_52687","7"
"g_52689","3"
"g_52690","6"
"g_52691","23"
"g_52700","10"
"g_52709","3"
"g_52725","3"
"g_52748","20"
"g_52758","7"
"g_52759","12"
"g_52760","17"
"g_52766","3"
"g_52770","15"
"g_52771","17"
"g_52777","23"
"g_52815","17"
"g_52844","15"
"g_52850","17"
"g_52880","10"
"g_52893","10"
"g_52894","3"
"g_52902","7"
"g_52915","3"
"g_52925","24"
"g_52926","7"
"g_52955","7"
"g_52977","23"
"g_52985","23"
"g_52995","7"
"g_52999","17"
"g_53019","10"
"g_53033","17"
"g_53036","17"
"g_53054","10"
"g_53063","23"
"g_53079","3"
"g_53098","17"
"g_53110","3"
"g_53114","24"
"g_53120","7"
"g_53157","7"
"g_53165","17"
"g_53187","23"
"g_53194","3"
"g_53206","3"
"g_53231","10"
"g_53262","17"
"g_53290","23"
"g_53299","3"
"g_53305","10"
"g_53306","19"
"g_53332","3"
"g_53377","24"
"g_53401","17"
"g_53413","23"
"g_53425","17"
"g_53427","17"
"g_53431","17"
"g_53435","10"
"g_53441","3"
"g_53442","3"
"g_53444","10"
"g_53446","10"
"g_53450","3"
"g_53454","20"
"g_53461","3"
"g_53486","3"
"g_53501","3"
"g_53517","7"
"g_53521","17"
"g_53522","7"
"g_53524","3"
"g_53532","20"
"g_53538","3"
"g_53570","10"
"g_53571","17"
"g_53579","17"
"g_53587","10"
"g_53620","15"
"g_53629","17"
"g_53633","15"
"g_53669","17"
"g_53671","17"
"g_53673","3"
"g_53698","4"
"g_53715","19"
"g_53719","4"
"g_53732","6"
"g_53743","17"
"g_53759","3"
"g_53761","3"
"g_53770","17"
"g_53774","17"
"g_53781","17"
"g_53787","10"
"g_53793","17"
"g_53811","17"
"g_53824","10"
"g_53826","17"
"g_53842","7"
"g_53867","3"
"g_53873","10"
"g_53891","3"
"g_53909","7"
"g_53910","10"
"g_53923","17"
"g_53965","3"
"g_53966","17"
"g_53977","3"
"g_53998","3"
"g_54001","17"
"g_54002","15"
"g_54014","17"
"g_54018","20"
"g_54042","24"
"g_54051","4"
"g_54053","17"
"g_54061","17"
"g_54074","10"
"g_54077","17"
"g_54080","17"
"g_54094","3"
"g_54101","17"
"g_54102","17"
"g_54111","17"
"g_54116","17"
"g_54124","17"
"g_54128","17"
"g_54136","10"
"g_54143","17"
"g_54166","14"
"g_54178","7"
"g_54180","17"
"g_54191","17"
"g_54221","7"
"g_54235","17"
"g_54244","7"
"g_54249","17"
"g_54260","17"
"g_54265","10"
"g_54276","17"
"g_54280","17"
"g_54289","17"
"g_54313","17"
"g_54349","10"
"g_54354","3"
"g_54364","9"
"g_54372","17"
"g_54374","20"
"g_54381","7"
"g_54407","10"
"g_54416","17"
"g_54417","10"
"g_54421","17"
"g_54429","19"
"g_54443","3"
"g_54451","11"
"g_54459","10"
"g_54461","3"
"g_54466","3"
"g_54469","17"
"g_54476","10"
"g_54501","17"
"g_54507","17"
"g_54509","10"
"g_54514","7"
"g_54518","17"
"g_54540","17"
"g_54569","3"
"g_54577","7"
"g_54582","17"
"g_54583","7"
"g_54588","17"
"g_54591","17"
"g_54596","3"
"g_54605","17"
"g_54630","17"
"g_54654","3"
"g_54657","17"
"g_54662","3"
"g_54681","3"
"g_54693","17"
"g_54701","3"
"g_54716","23"
"g_54734","17"
"g_54741","3"
"g_54764","17"
"g_54780","3"
"g_54782","3"
"g_54787","7"
"g_54792","3"
"g_54799","3"
"g_54800","17"
"g_54815","10"
"g_54818","17"
"g_54836","17"
"g_54837","23"
"g_54842","17"
"g_54843","3"
"g_54868","17"
"g_54877","17"
"g_54879","18"
"g_54886","3"
"g_54895","3"
"g_54901","17"
"g_54928","17"
"g_54929","7"
"g_54942","7"
"g_54953","23"
"g_54956","23"
"g_54959","7"
"g_54964","17"
"g_54972","17"
"g_55010","23"
"g_55013","17"
"g_55014","17"
"g_55015","20"
"g_55017","4"
"g_55025","17"
"g_55043","17"
"g_55045","20"
"g_55056","3"
"g_55062","17"
"g_55065","7"
"g_55080","3"
"g_55084","17"
"g_55085","17"
"g_55086","3"
"g_55094","17"
"g_55098","7"
"g_55099","2"
"g_55100","17"
"g_55107","24"
"g_55110","24"
"g_55114","20"
"g_55117","10"
"g_55118","17"
"g_55123","3"
"g_55127","3"
"g_55141","3"
"g_55158","17"
"g_55167","3"
"g_55169","17"
"g_55172","10"
"g_55187","3"
"g_55202","17"
"g_55207","7"
"g_55212","3"
"g_55213","3"
"g_55216","7"
"g_55226","7"
"g_55246","23"
"g_55251","17"
"g_55265","10"
"g_55274","7"
"g_55280","7"
"g_55284","7"
"g_55301","17"
"g_55316","17"
"g_55319","17"
"g_55324","20"
"g_55326","17"
"g_55344","17"
"g_55352","17"
"g_55362","3"
"g_55365","7"
"g_55367","17"
"g_55379","17"
"g_55389","7"
"g_55401","23"
"g_55414","17"
"g_55415","20"
"g_55420","7"
"g_55424","10"
"g_55435","24"
"g_55436","17"
"g_55453","17"
"g_55457","17"
"g_55466","17"
"g_55478","10"
"g_55486","10"
"g_55490","17"
"g_55527","17"
"g_55531","17"
"g_55534","17"
"g_55543","17"
"g_55548","17"
"g_55568","17"
"g_55569","17"
"g_55583","7"
"g_55606","17"
"g_55610","17"
"g_55611","23"
"g_55616","3"
"g_55633","3"
"g_55651","17"
"g_55657","17"
"g_55681","3"
"g_55688","17"
"g_55691","23"
"g_55700","17"
"g_55703","3"
"g_55710","21"
"g_55720","3"
"g_55724","9"
"g_55749","17"
"g_55752","3"
"g_55760","17"
"g_55762","10"
"g_55764","23"
"g_55811","21"
"g_55813","3"
"g_55821","3"
"g_55823","17"
"g_55838","19"
"g_55844","17"
"g_55850","17"
"g_55871","17"
"g_55878","7"
"g_55891","17"
"g_55901","17"
"g_55909","7"
"g_55910","10"
"g_55911","23"
"g_55928","23"
"g_55956","17"
"g_55969","21"
"g_55974","17"
"g_55978","17"
"g_55983","21"
"g_55985","3"
"g_55986","17"
"g_55989","10"
"g_56001","7"
"g_56036","17"
"g_56051","11"
"g_56055","7"
"g_56057","19"
"g_56076","3"
"g_56088","17"
"g_56115","19"
"g_56121","3"
"g_56124","10"
"g_56137","17"
"g_56150","20"
"g_56155","17"
"g_56167","3"
"g_56186","20"
"g_56219","20"
"g_56231","7"
"g_56232","17"
"g_56260","17"
"g_56279","17"
"g_56321","7"
"g_56322","3"
"g_56323","7"
"g_56324","17"
"g_56342","17"
"g_56345","10"
"g_56400","17"
"g_56410","17"
"g_56417","23"
"g_56419","17"
"g_56420","3"
"g_56445","3"
"g_56468","3"
"g_56495","7"
"g_56498","19"
"g_56499","3"
"g_56504","3"
"g_56522","17"
"g_56531","3"
"g_56538","17"
"g_56548","23"
"g_56553","17"
"g_56567","19"
"g_56569","3"
"g_56578","17"
"g_56585","3"
"g_56598","17"
"g_56634","3"
"g_56636","10"
"g_56661","20"
"g_56668","17"
"g_56692","20"
"g_56696","21"
"g_56707","23"
"g_56720","10"
"g_56727","17"
"g_56737","23"
"g_56743","7"
"g_56745","17"
"g_56754","10"
"g_56761","3"
"g_56762","17"
"g_56769","17"
"g_56772","3"
"g_56774","17"
"g_56783","3"
"g_56792","15"
"g_56794","17"
"g_56828","17"
"g_56831","17"
"g_56835","17"
"g_56855","17"
"g_56858","10"
"g_56864","3"
"g_56869","21"
"g_56870","3"
"g_56888","3"
"g_56898","19"
"g_56913","10"
"g_56950","3"
"g_56953","24"
"g_56956","3"
"g_56984","17"
